{
    "Costituzione": "https://www.brocardi.it/costituzione/",
    "Regolamento generale sulla protezione dei dati(Reg. UE 27 aprile 2016, n. 679)": "https://www.brocardi.it/regolamento-privacy-ue/",
    "Nuovo Codice Appalti (D. Lgs. 36/2023)(D.lgs. 31 marzo 2023, n. 36)": "https://www.brocardi.it/nuovo-codice-appalti/",
    "Codice Civile(R.D. 16 marzo 1942, n. 262)": "https://www.brocardi.it/codice-civile/",
    "Preleggi": "https://www.brocardi.it/preleggi/",
    "Disposizioni per l'attuazione del codice civile e disposizioni transitorie(R.D. 30 marzo 1942, n. 318)": "https://www.brocardi.it/disposizioni-per-attuazione-del-codice-civile/",
    "Codice di procedura civile(R.D. 28 ottobre 1940, n. 1443)": "https://www.brocardi.it/codice-di-procedura-civile/",
    "Disposizioni di attuazione del codice di procedura civile(R.D. 18 dicembre 1941, n. 1368)": "https://www.brocardi.it/disposizioni-per-attuazione-codice-procedura-civile/",
    "Codice Penale(R.D. 19 ottobre 1930, n. 1398)": "https://www.brocardi.it/codice-penale/",
    "Disposizioni di coordinamento e transitorie per il codice penale(R.D. 28 maggio 1931, n. 601)": "https://www.brocardi.it/disposizioni-transitorie-codice-penale/",
    "Codice di procedura penale(D.P.R. 22 settembre 1988, n. 477)": "https://www.brocardi.it/codice-di-procedura-penale/",
    "Disposizioni di attuazione del codice di procedura penale(D.lgs. 28 luglio 1989, n. 271)": "https://www.brocardi.it/disposizioni-per-attuazione-codice-procedura-penale/",
    "Codice Processo Penale Minorile(D.P.R. 22 settembre 1988, n. 448)": "https://www.brocardi.it/processo-penale-minorile/",
    "Codice della strada(D.lgs. 30 aprile 1992, n. 285)": "https://www.brocardi.it/codice-della-strada/",
    "Codice del processo tributario(D.lgs. 31 dicembre 1992, n. 546)": "https://www.brocardi.it/codice-del-processo-tributario/",
    "Codice della privacy(D.lgs. 30 giugno 2003, n. 196)": "https://www.brocardi.it/codice-della-privacy/",
    "Codice del consumo(D.lgs. 6 settembre 2005, n. 206)": "https://www.brocardi.it/codice-del-consumo/",
    "Codice delle assicurazioni private(D.lgs. 7 settembre 2005, n. 209)": "https://www.brocardi.it/codice-delle-assicurazioni-private/",
    "Codice dei beni culturali e del paesaggio(D.lgs. 22 gennaio 2004, n. 42)": "https://www.brocardi.it/codice-dei-beni-culturali-e-del-paesaggio/",
    "Codice dei contratti pubblici [ABROGATO](D.lgs. 18 aprile 2016, n. 50)": "https://www.brocardi.it/codice-dei-contratti-pubblici/",
    "Codice del processo amministrativo(D.lgs. 2 luglio 2010, n. 104)": "https://www.brocardi.it/codice-del-processo-amministrativo/",
    "Codice del turismo(D.lgs. 23 maggio 2011, n. 79)": "https://www.brocardi.it/codice-del-turismo/",
    "Codice dell'ambiente(D.lgs. 3 aprile 2006, n. 152)": "https://www.brocardi.it/codice-dell-ambiente/",
    "Codice delle comunicazioni elettroniche(D.lgs. 1 agosto 2003, n. 259)": "https://www.brocardi.it/codice-delle-comunicazioni-elettroniche/",
    "Codice delle pari opportunità(D.lgs. 11 aprile 2006, n. 198)": "https://www.brocardi.it/codice-delle-pari-opportunita/",
    "Codice di giustizia contabile(D.lgs. 26 agosto 2016, n. 174)": "https://www.brocardi.it/codice-di-giustizia-contabile/",
    "Codice della nautica da diporto(D.lgs. 18 luglio 2005, n. 171)": "https://www.brocardi.it/codice-della-nautica-da-diporto/",
    "Codice della proprietà industriale(D.lgs. 10 febbraio 2005, n. 30)": "https://www.brocardi.it/codice-della-proprieta-industriale/",
    "Codice dell'amministrazione digitale(D.lgs. 7 marzo 2005, n. 82)": "https://www.brocardi.it/codice-dell-amministrazione-digitale/",
    "Codice antimafia(D.lgs. 6 settembre 2011, n. 159)": "https://www.brocardi.it/codice-antimafia/",
    "Codice del terzo settore(D.lgs. 3 luglio 2017, n. 117)": "https://www.brocardi.it/codice-terzo-settore/",
    "Codice della protezione civile(D.lgs. 2 gennaio 2018, n. 1)": "https://www.brocardi.it/codice-protezione-civile/",
    "Codice della crisi d'impresa e dell'insolvenza(D.lgs. 12 gennaio 2019, n. 14)": "https://www.brocardi.it/codice-crisi-impresa/",
    "Codice degli appalti [ABROGATO](D.lgs. 12 aprile 2006, n. 163)": "https://www.brocardi.it/codice-degli-appalti/",
    "Disposizioni in materia di separazione dei genitori e affidamento condiviso dei figli(L. 8 febbraio 2006, n. 54)": "https://www.brocardi.it/affido-condiviso/",
    "Legge sull'aborto(L. 22 maggio 1978, n. 194)": "https://www.brocardi.it/legge-aborto/",
    "Decreto lavoro 2023(D.L. 4 maggio 2023, n. 48)": "https://www.brocardi.it/decreto-lavoro-2023/",
    "Decreto \"Semplificazioni bis\"(D.L. 31 maggio 2021, n. 77)": "https://www.brocardi.it/decreto-semplificazioni-bis/",
    "Decreto \"Sostegni\"(D.L. 22 marzo 2021, n. 41)": "https://www.brocardi.it/decreto-sostegni/",
    "Decreto \"Rilancio\"(D.L. 19 maggio 2020, n. 34)": "https://www.brocardi.it/decreto-rilancio/",
    "Decreto \"Cura Italia\"(L. 24 aprile 2020, n. 27)": "https://www.brocardi.it/decreto-cura-italia/",
    "Legge sul divorzio(L. 1 dicembre 1970, n. 898)": "https://www.brocardi.it/legge-sul-divorzio/",
    "Regolamentazione delle unioni civili tra persone dello stesso sesso e disciplina delle convivenze(L. 20 maggio 2016, n. 76)": "https://www.brocardi.it/legge-cirinna/",
    "Legge sull'adozione(L. 4 maggio 1983, n. 184)": "https://www.brocardi.it/legge-sull-adozione/",
    "Norme in materia di procreazione medicalmente assistita(L. 19 febbraio 2004, n. 40)": "https://www.brocardi.it/procreazione-medicalmente-assistita/",
    "Legge sul biotestamento(L. 22 dicembre 2017, n. 219)": "https://www.brocardi.it/legge-biotestamento/",
    "Legge 104(L. 5 febbraio 1992, n. 104)": "https://www.brocardi.it/legge-104/",
    "Statuto dei lavoratori(L. 20 maggio 1970, n. 300)": "https://www.brocardi.it/statuto-lavoratori/",
    "Disciplina organica dei contratti di lavoro e revisione della normativa in tema di mansioni(D.lgs. 15 giugno 2015, n. 81)": "https://www.brocardi.it/disciplina-organica-contratti-lavoro/",
    "Disposizioni in materia di contratto di lavoro a tempo indeterminato a tutele crescenti(D.lgs. 4 marzo 2015, n. 23)": "https://www.brocardi.it/contratto-lavoro-tutele-crescenti/",
    "Misure per la tutela del lavoro autonomo non imprenditoriale e misure volte a favorire il lavoro agile(L. 22 maggio 2017, n. 81)": "https://www.brocardi.it/lavoro-agile/",
    "Disposizioni per il riordino della normativa in materia di ammortizzatori sociali(D.lgs. 4 marzo 2015, n. 22)": "https://www.brocardi.it/ammortizzatori-sociali/",
    "Norme sui licenziamenti individuali(L. 15 luglio 1966, n. 604)": "https://www.brocardi.it/norme-sui-licenziamenti-individuali/",
    "Norme in materia di orario di lavoro(D.lgs. 8 aprile 2003, n. 66)": "https://www.brocardi.it/organizzazione-orario-lavoro/",
    "Legge professionale forense(L. 31 dicembre 2012, n. 247)": "https://www.brocardi.it/legge-professione-forense/",
    "Legge fallimentare(R.D. 16 marzo 1942, n. 267)": "https://www.brocardi.it/legge-fallimentare/",
    "Legge sulla protezione del diritto d'autore(L. 22 aprile 1941, n. 633)": "https://www.brocardi.it/legge-diritto-autore/",
    "Disposizioni per lo sviluppo della proprietà coltivatrice(L. 26 maggio 1965, n. 590)": "https://www.brocardi.it/disposizioni-sviluppo-proprieta-coltivatrice/",
    "Norme sui contratti agrari(L. 3 maggio 1982, n. 203)": "https://www.brocardi.it/norme-contratti-agrari/",
    "Responsabilità professionale del personale sanitario(L. 8 marzo 2017, n. 24)": "https://www.brocardi.it/resposabilita-professionale-personale-sanitario/",
    "Legge sulle locazioni abitative(D.lgs. 9 dicembre 1998, n. 431)": "https://www.brocardi.it/legge-locazioni-abitative/",
    "Legge equo canone(L. 27 luglio 1978, n. 392)": "https://www.brocardi.it/legge-equo-canone/",
    "Legge sul procedimento amministrativo(L. 7 agosto 1990, n. 241)": "https://www.brocardi.it/legge-sul-procedimento-amministrativo/",
    "Semplificazione dei procedimenti in materia di ricorsi amministrativi(D.P.R. 24 novembre 1971, n. 1199)": "https://www.brocardi.it/ricorsi-amministrativi/",
    "Disciplina della responsabilità amministrativa delle persone giuridiche(D.lgs. 8 giugno 2001, n. 231)": "https://www.brocardi.it/responsabilita-amministrativa-persone-giuridiche/",
    "Legge quadro sul volontariato(L. 11 agosto 1991, n. 266)": "https://www.brocardi.it/legge-quadro-sul-volontariato/",
    "Legge sulle ONLUS(D.lgs. 4 dicembre 1997, n. 460)": "https://www.brocardi.it/legge-onlus/",
    "Disciplina delle associazioni di promozione sociale(L. 7 dicembre 2000, n. 383)": "https://www.brocardi.it/disciplina-delle-associazioni-di-promozione-sociale/",
    "Mediazione finalizzata alla conciliazione delle controversie civili e commerciali(D.lgs. 4 marzo 2010, n. 28)": "https://www.brocardi.it/mediazione-controversie-civili-commerciali/",
    "Legge sull'ordinamento penitenziario(L. 26 luglio 1975, n. 354)": "https://www.brocardi.it/legge-ordinamento-penitenziario/",
    "Riforma del sistema italiano di diritto internazionale privato(L. 31 maggio 1995, n. 218)": "https://www.brocardi.it/legge-diritto-internazionale-privato/",
    "Legge sui reati tributari(D.lgs. 10 marzo 2000, n. 74)": "https://www.brocardi.it/legge-sui-reati-tributari/",
    "Testo unico in materia di tutela e sostegno della maternità e della paternità": "https://www.brocardi.it/testo-unico-sostegno-maternita-paternita/",
    "Testo unico sul pubblico impiego(D.lgs. 30 marzo 2001, n. 165)": "https://www.brocardi.it/testo-unico-sul-pubblico-impiego/",
    "Testo unico degli enti locali(D.lgs. 18 agosto 2000, n. 267)": "https://www.brocardi.it/testo-unico-enti-locali/",
    "Testo unico bancario(D.lgs. 1 settembre 1993, n. 385)": "https://www.brocardi.it/testo-unico-bancario/",
    "Testo unico edilizia(D.P.R. 6 giugno 2001, n. 380)": "https://www.brocardi.it/testo-unico-edilizia/",
    "Testo unico sull'immigrazione(D.lgs. 25 luglio 1998, n. 286)": "https://www.brocardi.it/testo-unico-immigrazione/",
    "Testo unico stupefacenti(D.P.R. 9 ottobre 1990, n. 309)": "https://www.brocardi.it/testo-unico-stupefacenti/",
    "Testo unico delle leggi di pubblica sicurezza(R.D. 18 giugno 1931, n. 773)": "https://www.brocardi.it/testo-unico-pubblica-sicurezza/",
    "Testo unico sull'assicurazione degli infortuni sul lavoro(D.P.R. 30 giugno 1965, n. 1124)": "https://www.brocardi.it/testo-unico-assicurazione-degli-infortuni-sul-lavoro/",
    "Testo unico sulle espropriazioni per pubblica utilità(D.P.R. 8 giugno 2001, n. 327)": "https://www.brocardi.it/testo-unico-espropriazioni-pubblica-utilita/",
    "Testo unico delle disposizioni in materia di intermediazione finanziaria(D.lgs. 24 febbraio 1998, n. 58)": "https://www.brocardi.it/testo-unico-intermediazione-finanziaria/",
    "Testo unico sulla sicurezza sul lavoro(D.lgs. 9 aprile 2008, n. 81)": "https://www.brocardi.it/testo-unico-sicurezza-sul-lavoro/",
    "Testo unico sull'agricoltura(D.lgs. 18 maggio 2001, n. 228)": "https://www.brocardi.it/testo-unico-agricoltura/",
    "Testo unico sulle piante officinali(D.lgs. 21 maggio 2018, n. 75)": "https://www.brocardi.it/testo-unico-piante-officinali/",
    "Testo unico in materia di società a partecipazione pubblica(D.lgs. 19 agosto 2016, n. 175)": "https://www.brocardi.it/testo-unico-societa-partecipazione-pubblica/",
    "Testo Unico sulle successioni e donazioni(D.lgs. 31 ottobre 1990, n. 346)": "https://www.brocardi.it/testo-unico-successioni-donazioni/",
    "Testo unico delle imposte sui redditi(D.P.R. 22 dicembre 1986, n. 917)": "https://www.brocardi.it/testo-unico-imposte-redditi/",
    "Testo unico dell'imposta di registro(D.P.R. 26 aprile 1986, n. 131)": "https://www.brocardi.it/testo-unico-imposta-registro/",
    "Testo unico IVA(D.P.R. 26 ottobre 1972, n. 633)": "https://www.brocardi.it/testo-unico-iva/",
    "Disposizioni comuni in materia di accertamento delle imposte sui redditi(D.P.R. 29 settembre 1973, n. 600)": "https://www.brocardi.it/disposizioni-accertamento-imposte-redditi/",
    "Disposizioni sulla riscossione delle imposte sul reddito(D.P.R. 29 settembre 1973, n. 602)": "https://www.brocardi.it/disposizioni-riscossione-imposte-redditi/",
    "Disposizioni urgenti in materia fiscale(D.L. 30 settembre 1994, n. 564)": "https://www.brocardi.it/disposizioni-urgenti-materia-fiscale/",
    "Disposizioni in materia di accertamento con adesione e di conciliazione giudiziale(D.lgs. 19 giugno 1997, n. 218)": "https://www.brocardi.it/disposizioni-accertamento-adesione-conciliazione-giudiziale/",
    "Disposizioni sulle sanzioni amministrative per violazioni di norme tributarie(D.lgs. 18 dicembre 1997, n. 472)": "https://www.brocardi.it/disposizioni-sanzioni-amministrative-violazioni-norme-tributarie/",
    "Ordinamento degli organi speciali di giurisdizione tributaria ed organizzazione degli uffici di collaborazione(D.lgs. 31 dicembre 1992, n. 545)": "https://www.brocardi.it/ordinamento-organi-speciali-giurisdizione-tributaria/",
    "Statuto del contribuente(L. 27 luglio 2000, n. 212)": "https://www.brocardi.it/statuto-contribuente/",
    "Riordino della finanza degli enti territoriali(D.lgs. 30 dicembre 1992, n. 504)": "https://www.brocardi.it/finanza-enti-territoriali/",
    "Regolamento posta elettronica certificata(D.P.R. 11 febbraio 2005, n. 68)": "https://www.brocardi.it/regolamento-posta-elettronica-certificata/",
    "Contratto Collettivo Nazionale del Lavoro Domestico": "https://www.brocardi.it/contratto-collettivo-colf-badanti/",
    "Contratto Collettivo Nazionale del Turismo, Pubblici esercizi, Ristorazione collettiva e commerciale, Alberghi": "https://www.brocardi.it/contratto-collettivo-turismo/"
}